[
  {
    "Name": "Chain Mail Chestplate",
    "Description": "A breastplate made of chainmail.",
    "Type": 1,
    "Damage": 0,
    "Defense": 27,
    "Weight": 22,
    "Value": 810,
    "CurrentDurability": 216,
    "MaximumDurability": 216,
    "Strength": 0,
    "Vitality": 0,
    "Dexterity": 0,
    "Wisdom": 0,
    "RestoreHealth": 0,
    "RestoreMagic": 0,
    "Cures": false,
    "MinimumLevel": 10,
    "CanSell": true,
    "IsSold": true,
    "AllowedClassesJson": "",
    "Texture": "res://assets/inventory/A_Armour02.png"
  },
  {
    "Name": "Cloth Shirt",
    "Description": "A plain shirt made of cloth.",
    "Type": 1,
    "Damage": 0,
    "Defense": 6,
    "Weight": 2,
    "Value": 0,
    "CurrentDurability": 24,
    "MaximumDurability": 24,
    "Strength": 0,
    "Vitality": 0,
    "Dexterity": 0,
    "Wisdom": 0,
    "RestoreHealth": 0,
    "RestoreMagic": 0,
    "Cures": false,
    "MinimumLevel": 1,
    "CanSell": false,
    "IsSold": false,
    "AllowedClassesJson": "",
    "Texture": "res://assets/inventory/A_Clothing01.png"
  },
  {
    "Name": "Diamond Chestplate",
    "Description": "An extraordinarily strong chestplate made of interlocking pieces of diamond.",
    "Type": 1,
    "Damage": 0,
    "Defense": 60,
    "Weight": 30,
    "Value": 3000,
    "CurrentDurability": 480,
    "MaximumDurability": 480,
    "Strength": 0,
    "Vitality": 0,
    "Dexterity": 0,
    "Wisdom": 0,
    "RestoreHealth": 0,
    "RestoreMagic": 0,
    "Cures": false,
    "MinimumLevel": 20,
    "CanSell": true,
    "IsSold": true,
    "AllowedClassesJson": "",
    "Texture": "res://assets/inventory/A_Armour03.png"
  },
  {
    "Name": "Leather Shirt",
    "Description": "An unadorned shirt made of leather.",
    "Type": 1,
    "Damage": 0,
    "Defense": 12,
    "Weight": 6,
    "Value": 360,
    "CurrentDurability": 72,
    "MaximumDurability": 72,
    "Strength": 0,
    "Vitality": 0,
    "Dexterity": 0,
    "Wisdom": 0,
    "RestoreHealth": 0,
    "RestoreMagic": 0,
    "Cures": false,
    "MinimumLevel": 1,
    "CanSell": true,
    "IsSold": true,
    "AllowedClassesJson": "",
    "Texture": "res://assets/inventory/A_Clothing02.png"
  },
  {
    "Name": "Necromancer Robes",
    "Description": "Robes of a Necromancer.",
    "Type": 1,
    "Damage": 0,
    "Defense": 25,
    "Weight": 12,
    "Value": 0,
    "CurrentDurability": 150,
    "MaximumDurability": 150,
    "Strength": 0,
    "Vitality": 0,
    "Dexterity": 0,
    "Wisdom": 0,
    "RestoreHealth": 0,
    "RestoreMagic": 0,
    "Cures": false,
    "MinimumLevel": 8,
    "CanSell": false,
    "IsSold": false,
    "AllowedClassesJson": "",
    "Texture": "res://assets/inventory/A_Clothing01.png"
  },
  {
    "Name": "Plate Mail Chestplate",
    "Description": "A superiorly crafted breastplate made of sturdy steel.",
    "Type": 1,
    "Damage": 0,
    "Defense": 40,
    "Weight": 36,
    "Value": 2000,
    "CurrentDurability": 320,
    "MaximumDurability": 320,
    "Strength": 0,
    "Vitality": 0,
    "Dexterity": 0,
    "Wisdom": 0,
    "RestoreHealth": 0,
    "RestoreMagic": 0,
    "Cures": false,
    "MinimumLevel": 16,
    "CanSell": true,
    "IsSold": true,
    "AllowedClassesJson": "",
    "Texture": "res://assets/inventory/A_Armour02.png"
  },
  {
    "Name": "Robe",
    "Description": "A robe, made of a strong fabric.",
    "Type": 1,
    "Damage": 0,
    "Defense": 16,
    "Weight": 10,
    "Value": 0,
    "CurrentDurability": 96,
    "MaximumDurability": 96,
    "Strength": 0,
    "Vitality": 0,
    "Dexterity": 0,
    "Wisdom": 0,
    "RestoreHealth": 0,
    "RestoreMagic": 0,
    "Cures": false,
    "MinimumLevel": 3,
    "CanSell": false,
    "IsSold": false,
    "AllowedClassesJson": "",
    "Texture": "res://assets/inventory/A_Clothing01.png"
  },
  {
    "Name": "Silk Chestplate",
    "Description": "A breastplate made of silk of strong tensile strength.",
    "Type": 1,
    "Damage": 0,
    "Defense": 34,
    "Weight": 11,
    "Value": 1700,
    "CurrentDurability": 272,
    "MaximumDurability": 272,
    "Strength": 0,
    "Vitality": 0,
    "Dexterity": 0,
    "Wisdom": 0,
    "RestoreHealth": 0,
    "RestoreMagic": 0,
    "Cures": false,
    "MinimumLevel": 13,
    "CanSell": true,
    "IsSold": true,
    "AllowedClassesJson": "",
    "Texture": "res://assets/inventory/A_Armor04.png"
  },
  {
    "Name": "Studded Leather Doublet",
    "Description": "A studded leather chest armor.",
    "Type": 1,
    "Damage": 0,
    "Defense": 18,
    "Weight": 15,
    "Value": 540,
    "CurrentDurability": 108,
    "MaximumDurability": 108,
    "Strength": 0,
    "Vitality": 0,
    "Dexterity": 0,
    "Wisdom": 0,
    "RestoreHealth": 0,
    "RestoreMagic": 0,
    "Cures": false,
    "MinimumLevel": 5,
    "CanSell": true,
    "IsSold": true,
    "AllowedClassesJson": "",
    "Texture": "res://assets/inventory/A_Armour01.png"
  }
]
