[
  {
    "Name": "Ale",
    "Description": "A small cup of ale.",
    "Type": 9,
    "Damage": 0,
    "Defense": 0,
    "Weight": 1,
    "Value": 60,
    "CurrentDurability": 10,
    "MaximumDurability": 10,
    "Strength": 0,
    "Vitality": 0,
    "Dexterity": 0,
    "Wisdom": 0,
    "RestoreHealth": 0,
    "RestoreMagic": 20,
    "Cures": false,
    "MinimumLevel": 0,
    "CanSell": true,
    "IsSold": true,
    "AllowedClassesJson": "",
    "Texture": "res://assets/inventory/P_Yellow03.png"
  },
  {
    "Name": "Beer",
    "Description": "A small cup of beer.",
    "Type": 9,
    "Damage": 0,
    "Defense": 0,
    "Weight": 1,
    "Value": 15,
    "CurrentDurability": 10,
    "MaximumDurability": 10,
    "Strength": 0,
    "Vitality": 0,
    "Dexterity": 0,
    "Wisdom": 0,
    "RestoreHealth": 0,
    "RestoreMagic": 5,
    "Cures": false,
    "MinimumLevel": 0,
    "CanSell": true,
    "IsSold": true,
    "AllowedClassesJson": "",
    "Texture": "res://assets/inventory/P_Yellow03.png"
  },
  {
    "Name": "Grog",
    "Description": "A small cup of grog.",
    "Type": 9,
    "Damage": 0,
    "Defense": 0,
    "Weight": 1,
    "Value": 30,
    "CurrentDurability": 10,
    "MaximumDurability": 10,
    "Strength": 0,
    "Vitality": 0,
    "Dexterity": 0,
    "Wisdom": 0,
    "RestoreHealth": 0,
    "RestoreMagic": 10,
    "Cures": false,
    "MinimumLevel": 0,
    "CanSell": true,
    "IsSold": true,
    "AllowedClassesJson": "",
    "Texture": "res://assets/inventory/P_Yellow03.png"
  },
  {
    "Name": "Tea",
    "Description": "A small cup of tea.",
    "Type": 9,
    "Damage": 0,
    "Defense": 0,
    "Weight": 1,
    "Value": 120,
    "CurrentDurability": 10,
    "MaximumDurability": 10,
    "Strength": 0,
    "Vitality": 0,
    "Dexterity": 0,
    "Wisdom": 0,
    "RestoreHealth": 0,
    "RestoreMagic": 40,
    "Cures": false,
    "MinimumLevel": 0,
    "CanSell": true,
    "IsSold": true,
    "AllowedClassesJson": "",
    "Texture": "res://assets/inventory/P_Yellow03.png"
  },
  {
    "Name": "Water",
    "Description": "A small cup of water.",
    "Type": 9,
    "Damage": 0,
    "Defense": 0,
    "Weight": 1,
    "Value": 90,
    "CurrentDurability": 10,
    "MaximumDurability": 10,
    "Strength": 0,
    "Vitality": 0,
    "Dexterity": 0,
    "Wisdom": 0,
    "RestoreHealth": 0,
    "RestoreMagic": 30,
    "Cures": false,
    "MinimumLevel": 0,
    "CanSell": true,
    "IsSold": true,
    "AllowedClassesJson": "",
    "Texture": "res://assets/inventory/I_Water.png"
  }
]
