[
  {
    "Name": "Chain Boots",
    "Description": "A pair of boots made of chainmail.",
    "Type": 4,
    "Damage": 0,
    "Defense": 16,
    "Weight": 13,
    "Value": 480,
    "CurrentDurability": 96,
    "MaximumDurability": 96,
    "Strength": 0,
    "Vitality": 0,
    "Dexterity": 0,
    "Wisdom": 0,
    "RestoreHealth": 0,
    "RestoreMagic": 0,
    "Cures": false,
    "MinimumLevel": 10,
    "CanSell": true,
    "IsSold": true,
    "AllowedClassesJson": "",
    "Texture": "res://assets/inventory/A_Shoes04.png"
  },
  {
    "Name": "Cloth Shoes",
    "Description": "A plain pair of shoes made of cloth.",
    "Type": 4,
    "Damage": 0,
    "Defense": 4,
    "Weight": 2,
    "Value": 0,
    "CurrentDurability": 16,
    "MaximumDurability": 16,
    "Strength": 0,
    "Vitality": 0,
    "Dexterity": 0,
    "Wisdom": 0,
    "RestoreHealth": 0,
    "RestoreMagic": 0,
    "Cures": false,
    "MinimumLevel": 1,
    "CanSell": false,
    "IsSold": false,
    "AllowedClassesJson": "",
    "Texture": "res://assets/inventory/A_Shoes01.png"
  },
  {
    "Name": "Diamond Boots",
    "Description": "An extraordinarily strong pair of boots made of interlocking pieces of diamond.",
    "Type": 4,
    "Damage": 0,
    "Defense": 30,
    "Weight": 15,
    "Value": 1500,
    "CurrentDurability": 240,
    "MaximumDurability": 240,
    "Strength": 0,
    "Vitality": 0,
    "Dexterity": 0,
    "Wisdom": 0,
    "RestoreHealth": 0,
    "RestoreMagic": 0,
    "Cures": false,
    "MinimumLevel": 20,
    "CanSell": true,
    "IsSold": true,
    "AllowedClassesJson": "",
    "Texture": "res://assets/inventory/A_Shoes05.png"
  },
  {
    "Name": "Leather Shoes",
    "Description": "An unadorned pair of shoes made of leather.",
    "Type": 4,
    "Damage": 0,
    "Defense": 8,
    "Weight": 4,
    "Value": 240,
    "CurrentDurability": 48,
    "MaximumDurability": 48,
    "Strength": 0,
    "Vitality": 0,
    "Dexterity": 0,
    "Wisdom": 0,
    "RestoreHealth": 0,
    "RestoreMagic": 0,
    "Cures": false,
    "MinimumLevel": 1,
    "CanSell": true,
    "IsSold": true,
    "AllowedClassesJson": "",
    "Texture": "res://assets/inventory/A_Shoes02.png"
  },
  {
    "Name": "Plate Boots",
    "Description": "Boots made of sturdy steel.",
    "Type": 4,
    "Damage": 0,
    "Defense": 20,
    "Weight": 18,
    "Value": 600,
    "CurrentDurability": 160,
    "MaximumDurability": 160,
    "Strength": 0,
    "Vitality": 0,
    "Dexterity": 0,
    "Wisdom": 0,
    "RestoreHealth": 0,
    "RestoreMagic": 0,
    "Cures": false,
    "MinimumLevel": 16,
    "CanSell": true,
    "IsSold": true,
    "AllowedClassesJson": "",
    "Texture": "res://assets/inventory/A_Shoes06.png"
  },
  {
    "Name": "Silk Boots",
    "Description": "Boots made of silk of strong tensile strength.",
    "Type": 4,
    "Damage": 0,
    "Defense": 18,
    "Weight": 9,
    "Value": 540,
    "CurrentDurability": 136,
    "MaximumDurability": 136,
    "Strength": 0,
    "Vitality": 0,
    "Dexterity": 0,
    "Wisdom": 0,
    "RestoreHealth": 0,
    "RestoreMagic": 0,
    "Cures": false,
    "MinimumLevel": 13,
    "CanSell": true,
    "IsSold": true,
    "AllowedClassesJson": "",
    "Texture": "res://assets/inventory/A_Shoes07.png"
  },
  {
    "Name": "Studded Leather Boots",
    "Description": "A pair of leather boots lined with metal studs.",
    "Type": 4,
    "Damage": 0,
    "Defense": 12,
    "Weight": 10,
    "Value": 360,
    "CurrentDurability": 72,
    "MaximumDurability": 72,
    "Strength": 0,
    "Vitality": 0,
    "Dexterity": 0,
    "Wisdom": 0,
    "RestoreHealth": 0,
    "RestoreMagic": 0,
    "Cures": false,
    "MinimumLevel": 5,
    "CanSell": true,
    "IsSold": true,
    "AllowedClassesJson": "",
    "Texture": "res://assets/inventory/A_Shoes03.png"
  }
]
