[
  {
    "Name": "Beef",
    "Description": "A prime cut of beef.",
    "Type": 10,
    "Damage": 0,
    "Defense": 0,
    "Weight": 2,
    "Value": 120,
    "CurrentDurability": 10,
    "MaximumDurability": 10,
    "Strength": 0,
    "Vitality": 0,
    "Dexterity": 0,
    "Wisdom": 0,
    "RestoreHealth": 40,
    "RestoreMagic": 0,
    "Cures": false,
    "MinimumLevel": 0,
    "CanSell": true,
    "IsSold": true,
    "AllowedClassesJson": "",
    "Texture": "res://assets/inventory/I_C_Meat.png"
  },
  {
    "Name": "Bread",
    "Description": "A slice of bread.",
    "Type": 10,
    "Damage": 0,
    "Defense": 0,
    "Weight": 1,
    "Value": 30,
    "CurrentDurability": 10,
    "MaximumDurability": 10,
    "Strength": 0,
    "Vitality": 0,
    "Dexterity": 0,
    "Wisdom": 0,
    "RestoreHealth": 10,
    "RestoreMagic": 0,
    "Cures": false,
    "MinimumLevel": 0,
    "CanSell": true,
    "IsSold": true,
    "AllowedClassesJson": "",
    "Texture": "res://assets/inventory/I_C_Bread.png"
  },
  {
    "Name": "Chicken",
    "Description": "A piece of grilled chicken.",
    "Type": 10,
    "Damage": 0,
    "Defense": 0,
    "Weight": 2,
    "Value": 90,
    "CurrentDurability": 10,
    "MaximumDurability": 10,
    "Strength": 0,
    "Vitality": 0,
    "Dexterity": 0,
    "Wisdom": 0,
    "RestoreHealth": 30,
    "RestoreMagic": 0,
    "Cures": false,
    "MinimumLevel": 0,
    "CanSell": true,
    "IsSold": true,
    "AllowedClassesJson": "",
    "Texture": "res://assets/inventory/I_C_Meat.png"
  },
  {
    "Name": "Cracker",
    "Description": "A cracker.",
    "Type": 10,
    "Damage": 0,
    "Defense": 0,
    "Weight": 0,
    "Value": 15,
    "CurrentDurability": 10,
    "MaximumDurability": 10,
    "Strength": 0,
    "Vitality": 0,
    "Dexterity": 0,
    "Wisdom": 0,
    "RestoreHealth": 5,
    "RestoreMagic": 0,
    "Cures": false,
    "MinimumLevel": 0,
    "CanSell": true,
    "IsSold": true,
    "AllowedClassesJson": "",
    "Texture": "res://assets/inventory/cracker.png"
  },
  {
    "Name": "Soup",
    "Description": "A small container of soup.",
    "Type": 10,
    "Damage": 0,
    "Defense": 0,
    "Weight": 2,
    "Value": 45,
    "CurrentDurability": 10,
    "MaximumDurability": 10,
    "Strength": 0,
    "Vitality": 0,
    "Dexterity": 0,
    "Wisdom": 0,
    "RestoreHealth": 15,
    "RestoreMagic": 0,
    "Cures": false,
    "MinimumLevel": 0,
    "CanSell": true,
    "IsSold": true,
    "AllowedClassesJson": "",
    "Texture": "res://assets/inventory/soup.png"
  }
]
