[
  {
    "Name": "Chain Gauntlets",
    "Description": "A pair of gauntlets made of chainmail.",
    "Type": 2,
    "Damage": 0,
    "Defense": 16,
    "Weight": 13,
    "Value": 480,
    "CurrentDurability": 96,
    "MaximumDurability": 96,
    "Strength": 0,
    "Vitality": 0,
    "Dexterity": 0,
    "Wisdom": 0,
    "RestoreHealth": 0,
    "RestoreMagic": 0,
    "Cures": false,
    "MinimumLevel": 10,
    "CanSell": true,
    "IsSold": true,
    "AllowedClassesJson": "",
    "Texture": "res://assets/inventory/W_Fist003.png"
  },
  {
    "Name": "Cloth Gloves",
    "Description": "A plain pair of gloves, made of cloth.",
    "Type": 2,
    "Damage": 0,
    "Defense": 4,
    "Weight": 1,
    "Value": 0,
    "CurrentDurability": 16,
    "MaximumDurability": 16,
    "Strength": 0,
    "Vitality": 0,
    "Dexterity": 0,
    "Wisdom": 0,
    "RestoreHealth": 0,
    "RestoreMagic": 0,
    "Cures": false,
    "MinimumLevel": 1,
    "CanSell": false,
    "IsSold": false,
    "AllowedClassesJson": "",
    "Texture": "res://assets/inventory/W_Fist001.png"
  },
  {
    "Name": "Diamond Gauntlets",
    "Description": "An extraordinarily strong pair of gauntlets made of interlocking pieces of diamond.",
    "Type": 2,
    "Damage": 0,
    "Defense": 30,
    "Weight": 15,
    "Value": 1500,
    "CurrentDurability": 240,
    "MaximumDurability": 240,
    "Strength": 0,
    "Vitality": 0,
    "Dexterity": 0,
    "Wisdom": 0,
    "RestoreHealth": 0,
    "RestoreMagic": 0,
    "Cures": false,
    "MinimumLevel": 20,
    "CanSell": true,
    "IsSold": true,
    "AllowedClassesJson": "",
    "Texture": "res://assets/inventory/W_Fist005.png"
  },
  {
    "Name": "Leather Gloves",
    "Description": "An unadorned pair of gloves made of leather.",
    "Type": 2,
    "Damage": 0,
    "Defense": 8,
    "Weight": 4,
    "Value": 240,
    "CurrentDurability": 48,
    "MaximumDurability": 48,
    "Strength": 0,
    "Vitality": 0,
    "Dexterity": 0,
    "Wisdom": 0,
    "RestoreHealth": 0,
    "RestoreMagic": 0,
    "Cures": false,
    "MinimumLevel": 1,
    "CanSell": true,
    "IsSold": true,
    "AllowedClassesJson": "",
    "Texture": "res://assets/inventory/W_Fist002.png"
  },
  {
    "Name": "Plate Gauntlets",
    "Description": "Gauntlets made of sturdy steel.",
    "Type": 2,
    "Damage": 0,
    "Defense": 20,
    "Weight": 18,
    "Value": 600,
    "CurrentDurability": 160,
    "MaximumDurability": 160,
    "Strength": 0,
    "Vitality": 0,
    "Dexterity": 0,
    "Wisdom": 0,
    "RestoreHealth": 0,
    "RestoreMagic": 0,
    "Cures": false,
    "MinimumLevel": 15,
    "CanSell": true,
    "IsSold": true,
    "AllowedClassesJson": "",
    "Texture": "res://assets/inventory/W_Fist004.png"
  },
  {
    "Name": "Silk Gauntlets",
    "Description": "Gauntlets made of silk of strong tensile strength.",
    "Type": 2,
    "Damage": 0,
    "Defense": 18,
    "Weight": 9,
    "Value": 540,
    "CurrentDurability": 136,
    "MaximumDurability": 136,
    "Strength": 0,
    "Vitality": 0,
    "Dexterity": 0,
    "Wisdom": 0,
    "RestoreHealth": 0,
    "RestoreMagic": 0,
    "Cures": false,
    "MinimumLevel": 13,
    "CanSell": true,
    "IsSold": true,
    "AllowedClassesJson": "",
    "Texture": "res://assets/inventory/W_Fist003.png"
  },
  {
    "Name": "Studded Leather Gloves",
    "Description": "A pair of leather gloves lined with metal studs.",
    "Type": 2,
    "Damage": 0,
    "Defense": 12,
    "Weight": 4,
    "Value": 360,
    "CurrentDurability": 100,
    "MaximumDurability": 100,
    "Strength": 0,
    "Vitality": 0,
    "Dexterity": 0,
    "Wisdom": 0,
    "RestoreHealth": 0,
    "RestoreMagic": 0,
    "Cures": false,
    "MinimumLevel": 5,
    "CanSell": true,
    "IsSold": true,
    "AllowedClassesJson": "",
    "Texture": "res://assets/inventory/W_Fist002.png"
  }
]
