[
  {
    "Name": "Chain Helmet",
    "Description": "A helmet made of chainmail.",
    "Type": 0,
    "Damage": 0,
    "Defense": 24,
    "Weight": 19,
    "Value": 720,
    "CurrentDurability": 192,
    "MaximumDurability": 192,
    "Strength": 0,
    "Vitality": 0,
    "Dexterity": 0,
    "Wisdom": 0,
    "RestoreHealth": 0,
    "RestoreMagic": 0,
    "Cures": false,
    "MinimumLevel": 10,
    "CanSell": true,
    "IsSold": true,
    "AllowedClassesJson": "",
    "Texture": "res://assets/inventory/C_Elm03.png"
  },
  {
    "Name": "Cloth Helmet",
    "Description": "A plain helmet made of cloth.",
    "Type": 0,
    "Damage": 0,
    "Defense": 6,
    "Weight": 2,
    "Value": 0,
    "CurrentDurability": 24,
    "MaximumDurability": 24,
    "Strength": 0,
    "Vitality": 0,
    "Dexterity": 0,
    "Wisdom": 0,
    "RestoreHealth": 0,
    "RestoreMagic": 0,
    "Cures": false,
    "MinimumLevel": 1,
    "CanSell": false,
    "IsSold": false,
    "AllowedClassesJson": "",
    "Texture": "res://assets/inventory/C_Hat01.png"
  },
  {
    "Name": "Diamond Helmet",
    "Description": "An extraordinarily strong helmet made of interlocking pieces of diamond.",
    "Type": 0,
    "Damage": 0,
    "Defense": 45,
    "Weight": 23,
    "Value": 2250,
    "CurrentDurability": 360,
    "MaximumDurability": 360,
    "Strength": 0,
    "Vitality": 0,
    "Dexterity": 0,
    "Wisdom": 0,
    "RestoreHealth": 0,
    "RestoreMagic": 0,
    "Cures": false,
    "MinimumLevel": 20,
    "CanSell": true,
    "IsSold": true,
    "AllowedClassesJson": "",
    "Texture": "res://assets/inventory/C_Elm04.png"
  },
  {
    "Name": "Leather Helmet",
    "Description": "An unadorned helmet made of leather.",
    "Type": 0,
    "Damage": 0,
    "Defense": 12,
    "Weight": 6,
    "Value": 360,
    "CurrentDurability": 72,
    "MaximumDurability": 72,
    "Strength": 0,
    "Vitality": 0,
    "Dexterity": 0,
    "Wisdom": 0,
    "RestoreHealth": 0,
    "RestoreMagic": 0,
    "Cures": false,
    "MinimumLevel": 1,
    "CanSell": true,
    "IsSold": true,
    "AllowedClassesJson": "",
    "Texture": "res://assets/inventory/C_Elm01.png"
  },
  {
    "Name": "Miner's Helmet",
    "Description": "A helmet designed for people working in mines.",
    "Type": 0,
    "Damage": 0,
    "Defense": 20,
    "Weight": 10,
    "Value": 600,
    "CurrentDurability": 120,
    "MaximumDurability": 120,
    "Strength": 0,
    "Vitality": 0,
    "Dexterity": 0,
    "Wisdom": 0,
    "RestoreHealth": 0,
    "RestoreMagic": 0,
    "Cures": false,
    "MinimumLevel": 8,
    "CanSell": true,
    "IsSold": true,
    "AllowedClassesJson": "",
    "Texture": "res://assets/inventory/C_Elm01.png"
  },
  {
    "Name": "Necromancer Robe Hood",
    "Description": "Hood of Necromancer's Robes.",
    "Type": 0,
    "Damage": 0,
    "Defense": 10,
    "Weight": 5,
    "Value": 0,
    "CurrentDurability": 60,
    "MaximumDurability": 60,
    "Strength": 0,
    "Vitality": 0,
    "Dexterity": 0,
    "Wisdom": 0,
    "RestoreHealth": 0,
    "RestoreMagic": 0,
    "Cures": false,
    "MinimumLevel": 8,
    "CanSell": false,
    "IsSold": false,
    "AllowedClassesJson": "",
    "Texture": "res://assets/inventory/C_Hat02.png"
  },
  {
    "Name": "Plate Helmet",
    "Description": "A helmet made of sturdy steel.",
    "Type": 0,
    "Damage": 0,
    "Defense": 30,
    "Weight": 27,
    "Value": 1500,
    "CurrentDurability": 240,
    "MaximumDurability": 240,
    "Strength": 0,
    "Vitality": 0,
    "Dexterity": 0,
    "Wisdom": 0,
    "RestoreHealth": 0,
    "RestoreMagic": 0,
    "Cures": false,
    "MinimumLevel": 20,
    "CanSell": true,
    "IsSold": true,
    "AllowedClassesJson": "",
    "Texture": "res://assets/inventory/C_Elm04.png"
  },
  {
    "Name": "Robe Hood",
    "Description": "A robe's hood, made of a strong fabric.",
    "Type": 0,
    "Damage": 0,
    "Defense": 12,
    "Weight": 8,
    "Value": 0,
    "CurrentDurability": 72,
    "MaximumDurability": 72,
    "Strength": 0,
    "Vitality": 0,
    "Dexterity": 0,
    "Wisdom": 0,
    "RestoreHealth": 0,
    "RestoreMagic": 0,
    "Cures": false,
    "MinimumLevel": 3,
    "CanSell": false,
    "IsSold": false,
    "AllowedClassesJson": "",
    "Texture": "res://assets/inventory/C_Elm01.png"
  },
  {
    "Name": "Silk Helmet",
    "Description": "A helmet made of silk of strong tensile strength.",
    "Type": 0,
    "Damage": 0,
    "Defense": 27,
    "Weight": 8,
    "Value": 810,
    "CurrentDurability": 216,
    "MaximumDurability": 216,
    "Strength": 0,
    "Vitality": 0,
    "Dexterity": 0,
    "Wisdom": 0,
    "RestoreHealth": 0,
    "RestoreMagic": 0,
    "Cures": false,
    "MinimumLevel": 13,
    "CanSell": true,
    "IsSold": true,
    "AllowedClassesJson": "",
    "Texture": "res://assets/inventory/C_Hat02.png"
  },
  {
    "Name": "Studded Leather Helmet",
    "Description": "A leather helmet lined with metal studs.",
    "Type": 0,
    "Damage": 0,
    "Defense": 18,
    "Weight": 10,
    "Value": 540,
    "CurrentDurability": 108,
    "MaximumDurability": 108,
    "Strength": 0,
    "Vitality": 0,
    "Dexterity": 0,
    "Wisdom": 0,
    "RestoreHealth": 0,
    "RestoreMagic": 0,
    "Cures": false,
    "MinimumLevel": 5,
    "CanSell": true,
    "IsSold": true,
    "AllowedClassesJson": "",
    "Texture": "res://assets/inventory/C_Elm01.png"
  }
]
