[
  {
    "Name": "Chain Leggings",
    "Description": "A pair of leggings made of chainmail.",
    "Type": 3,
    "Damage": 0,
    "Defense": 24,
    "Weight": 19,
    "Value": 720,
    "CurrentDurability": 192,
    "MaximumDurability": 192,
    "Strength": 0,
    "Vitality": 0,
    "Dexterity": 0,
    "Wisdom": 0,
    "RestoreHealth": 0,
    "RestoreMagic": 0,
    "Cures": false,
    "MinimumLevel": 10,
    "CanSell": true,
    "IsSold": true,
    "AllowedClassesJson": "",
    "Texture": "res://assets/inventory/Pants2.png"
  },
  {
    "Name": "Cloth Pants",
    "Description": "A plain pair of pants made of cloth.",
    "Type": 3,
    "Damage": 0,
    "Defense": 6,
    "Weight": 2,
    "Value": 0,
    "CurrentDurability": 24,
    "MaximumDurability": 24,
    "Strength": 0,
    "Vitality": 0,
    "Dexterity": 0,
    "Wisdom": 0,
    "RestoreHealth": 0,
    "RestoreMagic": 0,
    "Cures": false,
    "MinimumLevel": 1,
    "CanSell": false,
    "IsSold": false,
    "AllowedClassesJson": "",
    "Texture": "res://assets/inventory/Pants.png"
  },
  {
    "Name": "Diamond Leggings",
    "Description": "An extraordinarily strong pair of leggings made of interlocking pieces of diamond.",
    "Type": 3,
    "Damage": 0,
    "Defense": 45,
    "Weight": 23,
    "Value": 2250,
    "CurrentDurability": 360,
    "MaximumDurability": 360,
    "Strength": 0,
    "Vitality": 0,
    "Dexterity": 0,
    "Wisdom": 0,
    "RestoreHealth": 0,
    "RestoreMagic": 0,
    "Cures": false,
    "MinimumLevel": 20,
    "CanSell": true,
    "IsSold": true,
    "AllowedClassesJson": "",
    "Texture": "res://assets/inventory/Pants2.png"
  },
  {
    "Name": "Leather Pants",
    "Description": "An unadorned pair of pants made of leather.",
    "Type": 3,
    "Damage": 0,
    "Defense": 12,
    "Weight": 6,
    "Value": 360,
    "CurrentDurability": 72,
    "MaximumDurability": 72,
    "Strength": 0,
    "Vitality": 0,
    "Dexterity": 0,
    "Wisdom": 0,
    "RestoreHealth": 0,
    "RestoreMagic": 0,
    "Cures": false,
    "MinimumLevel": 1,
    "CanSell": true,
    "IsSold": true,
    "AllowedClassesJson": "",
    "Texture": "res://assets/inventory/Pants.png"
  },
  {
    "Name": "Necromancer Robe Leggings",
    "Description": "Robes of a Necromancer.",
    "Type": 3,
    "Damage": 0,
    "Defense": 10,
    "Weight": 5,
    "Value": 0,
    "CurrentDurability": 60,
    "MaximumDurability": 60,
    "Strength": 0,
    "Vitality": 0,
    "Dexterity": 0,
    "Wisdom": 0,
    "RestoreHealth": 0,
    "RestoreMagic": 0,
    "Cures": false,
    "MinimumLevel": 8,
    "CanSell": false,
    "IsSold": false,
    "AllowedClassesJson": "",
    "Texture": "res://assets/inventory/Pants.png"
  },
  {
    "Name": "Plate Leggings",
    "Description": "Leggings made of sturdy steel.",
    "Type": 3,
    "Damage": 0,
    "Defense": 30,
    "Weight": 27,
    "Value": 1500,
    "CurrentDurability": 240,
    "MaximumDurability": 240,
    "Strength": 0,
    "Vitality": 0,
    "Dexterity": 0,
    "Wisdom": 0,
    "RestoreHealth": 0,
    "RestoreMagic": 0,
    "Cures": false,
    "MinimumLevel": 20,
    "CanSell": true,
    "IsSold": true,
    "AllowedClassesJson": "",
    "Texture": "res://assets/inventory/Pants2.png"
  },
  {
    "Name": "Robe Leggings",
    "Description": "A robe's lower half, made of a strong fabric.",
    "Type": 3,
    "Damage": 0,
    "Defense": 12,
    "Weight": 8,
    "Value": 0,
    "CurrentDurability": 72,
    "MaximumDurability": 72,
    "Strength": 0,
    "Vitality": 0,
    "Dexterity": 0,
    "Wisdom": 0,
    "RestoreHealth": 0,
    "RestoreMagic": 0,
    "Cures": false,
    "MinimumLevel": 3,
    "CanSell": false,
    "IsSold": false,
    "AllowedClassesJson": "",
    "Texture": "res://assets/inventory/Pants.png"
  },
  {
    "Name": "Silk Leggings",
    "Description": "Leggings made of silk of strong tensile strength.",
    "Type": 3,
    "Damage": 0,
    "Defense": 27,
    "Weight": 8,
    "Value": 810,
    "CurrentDurability": 216,
    "MaximumDurability": 216,
    "Strength": 0,
    "Vitality": 0,
    "Dexterity": 0,
    "Wisdom": 0,
    "RestoreHealth": 0,
    "RestoreMagic": 0,
    "Cures": false,
    "MinimumLevel": 13,
    "CanSell": true,
    "IsSold": true,
    "AllowedClassesJson": "",
    "Texture": "res://assets/inventory/Pants2.png"
  },
  {
    "Name": "Studded Leather Pants",
    "Description": "A pair of leather pants lined with metal studs.",
    "Type": 3,
    "Damage": 0,
    "Defense": 18,
    "Weight": 10,
    "Value": 540,
    "CurrentDurability": 108,
    "MaximumDurability": 108,
    "Strength": 0,
    "Vitality": 0,
    "Dexterity": 0,
    "Wisdom": 0,
    "RestoreHealth": 0,
    "RestoreMagic": 0,
    "Cures": false,
    "MinimumLevel": 5,
    "CanSell": true,
    "IsSold": true,
    "AllowedClassesJson": "",
    "Texture": "res://assets/inventory/Pants.png"
  }
]
