[
  {
    "Name": "Curing Potion",
    "Description": "A potion which can cure many ailments.",
    "Type": 7,
    "Damage": 0,
    "Defense": 0,
    "Weight": 5,
    "Value": 250,
    "CurrentDurability": 10,
    "MaximumDurability": 10,
    "Strength": 0,
    "Vitality": 0,
    "Dexterity": 0,
    "Wisdom": 0,
    "RestoreHealth": 0,
    "RestoreMagic": 0,
    "Cures": true,
    "MinimumLevel": 1,
    "CanSell": true,
    "IsSold": true,
    "AllowedClassesJson": "",
    "Texture": "res://assets/inventory/P_Green02.png"
  },
  {
    "Name": "Greater Healing Potion",
    "Description": "A strong healing potion.",
    "Type": 7,
    "Damage": 0,
    "Defense": 0,
    "Weight": 5,
    "Value": 800,
    "CurrentDurability": 10,
    "MaximumDurability": 10,
    "Strength": 0,
    "Vitality": 0,
    "Dexterity": 0,
    "Wisdom": 0,
    "RestoreHealth": 200,
    "RestoreMagic": 0,
    "Cures": false,
    "MinimumLevel": 1,
    "CanSell": true,
    "IsSold": true,
    "AllowedClassesJson": "",
    "Texture": "res://assets/inventory/P_Red01.png"
  },
  {
    "Name": "Greater Magic Potion",
    "Description": "A strong magical potion.",
    "Type": 7,
    "Damage": 0,
    "Defense": 0,
    "Weight": 5,
    "Value": 800,
    "CurrentDurability": 10,
    "MaximumDurability": 10,
    "Strength": 0,
    "Vitality": 0,
    "Dexterity": 0,
    "Wisdom": 0,
    "RestoreHealth": 0,
    "RestoreMagic": 200,
    "Cures": false,
    "MinimumLevel": 1,
    "CanSell": true,
    "IsSold": true,
    "AllowedClassesJson": "",
    "Texture": "res://assets/inventory/P_Blue01.png"
  },
  {
    "Name": "Healing Potion",
    "Description": "A healing potion.",
    "Type": 7,
    "Damage": 0,
    "Defense": 0,
    "Weight": 5,
    "Value": 400,
    "CurrentDurability": 10,
    "MaximumDurability": 10,
    "Strength": 0,
    "Vitality": 0,
    "Dexterity": 0,
    "Wisdom": 0,
    "RestoreHealth": 100,
    "RestoreMagic": 0,
    "Cures": false,
    "MinimumLevel": 1,
    "CanSell": true,
    "IsSold": true,
    "AllowedClassesJson": "",
    "Texture": "res://assets/inventory/P_Red03.png"
  },
  {
    "Name": "Light Healing Potion",
    "Description": "A weak healing potion.",
    "Type": 7,
    "Damage": 0,
    "Defense": 0,
    "Weight": 5,
    "Value": 100,
    "CurrentDurability": 10,
    "MaximumDurability": 10,
    "Strength": 0,
    "Vitality": 0,
    "Dexterity": 0,
    "Wisdom": 0,
    "RestoreHealth": 50,
    "RestoreMagic": 0,
    "Cures": false,
    "MinimumLevel": 1,
    "CanSell": true,
    "IsSold": true,
    "AllowedClassesJson": "",
    "Texture": "res://assets/inventory/P_Red02.png"
  },
  {
    "Name": "Light Magic Potion",
    "Description": "A weak magic potion.",
    "Type": 7,
    "Damage": 0,
    "Defense": 0,
    "Weight": 5,
    "Value": 100,
    "CurrentDurability": 10,
    "MaximumDurability": 10,
    "Strength": 0,
    "Vitality": 0,
    "Dexterity": 0,
    "Wisdom": 0,
    "RestoreHealth": 0,
    "RestoreMagic": 50,
    "Cures": false,
    "MinimumLevel": 1,
    "CanSell": true,
    "IsSold": true,
    "AllowedClassesJson": "",
    "Texture": "res://assets/inventory/P_Blue02.png"
  },
  {
    "Name": "Magic Potion",
    "Description": "A magic potion.",
    "Type": 7,
    "Damage": 0,
    "Defense": 0,
    "Weight": 5,
    "Value": 400,
    "CurrentDurability": 10,
    "MaximumDurability": 10,
    "Strength": 0,
    "Vitality": 0,
    "Dexterity": 0,
    "Wisdom": 0,
    "RestoreHealth": 0,
    "RestoreMagic": 100,
    "Cures": false,
    "MinimumLevel": 1,
    "CanSell": true,
    "IsSold": true,
    "AllowedClassesJson": "",
    "Texture": "res://assets/inventory/P_Blue03.png"
  },
  {
    "Name": "Minor Healing Potion",
    "Description": "A very weak healing potion.",
    "Type": 7,
    "Damage": 0,
    "Defense": 0,
    "Weight": 5,
    "Value": 50,
    "CurrentDurability": 10,
    "MaximumDurability": 10,
    "Strength": 0,
    "Vitality": 0,
    "Dexterity": 0,
    "Wisdom": 0,
    "RestoreHealth": 25,
    "RestoreMagic": 0,
    "Cures": false,
    "MinimumLevel": 1,
    "CanSell": true,
    "IsSold": true,
    "AllowedClassesJson": "",
    "Texture": "res://assets/inventory/P_Red04.png"
  },
  {
    "Name": "Minor Magic Potion",
    "Description": "A very weak magic potion.",
    "Type": 7,
    "Damage": 0,
    "Defense": 0,
    "Weight": 5,
    "Value": 50,
    "CurrentDurability": 10,
    "MaximumDurability": 10,
    "Strength": 0,
    "Vitality": 0,
    "Dexterity": 0,
    "Wisdom": 0,
    "RestoreHealth": 0,
    "RestoreMagic": 25,
    "Cures": false,
    "MinimumLevel": 1,
    "CanSell": true,
    "IsSold": true,
    "AllowedClassesJson": "",
    "Texture": "res://assets/inventory/P_Blue04.png"
  },
  {
    "Name": "Super Healing Potion",
    "Description": "A very strong healing potion.",
    "Type": 7,
    "Damage": 0,
    "Defense": 0,
    "Weight": 5,
    "Value": 1600,
    "CurrentDurability": 10,
    "MaximumDurability": 10,
    "Strength": 0,
    "Vitality": 0,
    "Dexterity": 0,
    "Wisdom": 0,
    "RestoreHealth": 400,
    "RestoreMagic": 0,
    "Cures": false,
    "MinimumLevel": 1,
    "CanSell": true,
    "IsSold": true,
    "AllowedClassesJson": "",
    "Texture": "res://assets/inventory/P_Red07.png"
  },
  {
    "Name": "Super Magic Potion",
    "Description": "A very strong magic potion.",
    "Type": 7,
    "Damage": 0,
    "Defense": 0,
    "Weight": 5,
    "Value": 1600,
    "CurrentDurability": 10,
    "MaximumDurability": 10,
    "Strength": 0,
    "Vitality": 0,
    "Dexterity": 0,
    "Wisdom": 0,
    "RestoreHealth": 0,
    "RestoreMagic": 400,
    "Cures": false,
    "MinimumLevel": 1,
    "CanSell": true,
    "IsSold": true,
    "AllowedClassesJson": "",
    "Texture": "res://assets/inventory/P_Blue05.png"
  }
]
