[
  {
    "Name": "Furious Ring",
    "Description": "A ring which boosts its wearer's damage by 5 and Strength by 1.",
    "Type": 8,
    "Damage": 5,
    "Defense": 0,
    "Weight": 0,
    "Value": 4000,
    "CurrentDurability": 10,
    "MaximumDurability": 10,
    "Strength": 1,
    "Vitality": 0,
    "Dexterity": 0,
    "Wisdom": 0,
    "RestoreHealth": 0,
    "RestoreMagic": 0,
    "Cures": false,
    "MinimumLevel": 10,
    "CanSell": true,
    "IsSold": true,
    "AllowedClassesJson": "",
    "Texture": "res://assets/inventory/Ac_Ring01.png"
  },
  {
    "Name": "Rainbow Ring",
    "Description": "A ring which boosts all the wearer's primary attributes by 1.",
    "Type": 8,
    "Damage": 0,
    "Defense": 0,
    "Weight": 0,
    "Value": 16000,
    "CurrentDurability": 10,
    "MaximumDurability": 10,
    "Strength": 1,
    "Vitality": 1,
    "Dexterity": 1,
    "Wisdom": 1,
    "RestoreHealth": 0,
    "RestoreMagic": 0,
    "Cures": false,
    "MinimumLevel": 15,
    "CanSell": true,
    "IsSold": true,
    "AllowedClassesJson": "",
    "Texture": "res://assets/inventory/Ac_Ring05.png"
  },
  {
    "Name": "Ring of Destruction +1",
    "Description": "A ring which boosts its wearer's damage by 5.",
    "Type": 8,
    "Damage": 5,
    "Defense": 0,
    "Weight": 0,
    "Value": 2000,
    "CurrentDurability": 10,
    "MaximumDurability": 10,
    "Strength": 0,
    "Vitality": 0,
    "Dexterity": 0,
    "Wisdom": 0,
    "RestoreHealth": 0,
    "RestoreMagic": 0,
    "Cures": false,
    "MinimumLevel": 1,
    "CanSell": true,
    "IsSold": true,
    "AllowedClassesJson": "",
    "Texture": "res://assets/inventory/Ac_Ring01.png"
  },
  {
    "Name": "Ring of Destruction +2",
    "Description": "A ring which boosts its wearer's damage by 10.",
    "Type": 8,
    "Damage": 10,
    "Defense": 0,
    "Weight": 0,
    "Value": 4000,
    "CurrentDurability": 10,
    "MaximumDurability": 10,
    "Strength": 0,
    "Vitality": 0,
    "Dexterity": 0,
    "Wisdom": 0,
    "RestoreHealth": 0,
    "RestoreMagic": 0,
    "Cures": false,
    "MinimumLevel": 5,
    "CanSell": true,
    "IsSold": true,
    "AllowedClassesJson": "",
    "Texture": "res://assets/inventory/Ac_Ring01.png"
  },
  {
    "Name": "Ring of Dexterity +1",
    "Description": "A ring which boosts its wearer's Dexterity by 1.",
    "Type": 8,
    "Damage": 0,
    "Defense": 0,
    "Weight": 0,
    "Value": 2000,
    "CurrentDurability": 10,
    "MaximumDurability": 10,
    "Strength": 0,
    "Vitality": 0,
    "Dexterity": 1,
    "Wisdom": 0,
    "RestoreHealth": 0,
    "RestoreMagic": 0,
    "Cures": false,
    "MinimumLevel": 1,
    "CanSell": true,
    "IsSold": true,
    "AllowedClassesJson": "",
    "Texture": "res://assets/inventory/Ac_Ring01.png"
  },
  {
    "Name": "Ring of Dexterity +2",
    "Description": "A ring which boosts its wearer's Dexterity by 2.",
    "Type": 8,
    "Damage": 0,
    "Defense": 0,
    "Weight": 0,
    "Value": 4000,
    "CurrentDurability": 10,
    "MaximumDurability": 10,
    "Strength": 0,
    "Vitality": 0,
    "Dexterity": 2,
    "Wisdom": 0,
    "RestoreHealth": 0,
    "RestoreMagic": 0,
    "Cures": false,
    "MinimumLevel": 5,
    "CanSell": true,
    "IsSold": true,
    "AllowedClassesJson": "",
    "Texture": "res://assets/inventory/Ac_Ring02.png"
  },
  {
    "Name": "Ring of Heartiness",
    "Description": "A ring which boosts its wearer's Strength and Vitality by 1.",
    "Type": 8,
    "Damage": 0,
    "Defense": 0,
    "Weight": 0,
    "Value": 4000,
    "CurrentDurability": 10,
    "MaximumDurability": 10,
    "Strength": 1,
    "Vitality": 1,
    "Dexterity": 0,
    "Wisdom": 0,
    "RestoreHealth": 0,
    "RestoreMagic": 0,
    "Cures": false,
    "MinimumLevel": 5,
    "CanSell": true,
    "IsSold": true,
    "AllowedClassesJson": "",
    "Texture": "res://assets/inventory/Ac_Ring01.png"
  },
  {
    "Name": "Ring of Protection +1",
    "Description": "A ring which boosts its wearer's defense by 5.",
    "Type": 8,
    "Damage": 0,
    "Defense": 5,
    "Weight": 0,
    "Value": 2000,
    "CurrentDurability": 10,
    "MaximumDurability": 10,
    "Strength": 0,
    "Vitality": 0,
    "Dexterity": 0,
    "Wisdom": 0,
    "RestoreHealth": 0,
    "RestoreMagic": 0,
    "Cures": false,
    "MinimumLevel": 1,
    "CanSell": true,
    "IsSold": true,
    "AllowedClassesJson": "",
    "Texture": "res://assets/inventory/Ac_Ring01.png"
  },
  {
    "Name": "Ring of Protection +2",
    "Description": "A ring which boosts its wearer's defense by 10.",
    "Type": 8,
    "Damage": 0,
    "Defense": 10,
    "Weight": 0,
    "Value": 4000,
    "CurrentDurability": 10,
    "MaximumDurability": 10,
    "Strength": 0,
    "Vitality": 0,
    "Dexterity": 0,
    "Wisdom": 0,
    "RestoreHealth": 0,
    "RestoreMagic": 0,
    "Cures": false,
    "MinimumLevel": 5,
    "CanSell": true,
    "IsSold": true,
    "AllowedClassesJson": "",
    "Texture": "res://assets/inventory/Ac_Ring01.png"
  },
  {
    "Name": "Ring of Strength +1",
    "Description": "A ring which boosts its wearer's Strength by 1.",
    "Type": 8,
    "Damage": 0,
    "Defense": 0,
    "Weight": 0,
    "Value": 2000,
    "CurrentDurability": 10,
    "MaximumDurability": 10,
    "Strength": 1,
    "Vitality": 0,
    "Dexterity": 0,
    "Wisdom": 0,
    "RestoreHealth": 0,
    "RestoreMagic": 0,
    "Cures": false,
    "MinimumLevel": 1,
    "CanSell": true,
    "IsSold": true,
    "AllowedClassesJson": "",
    "Texture": "res://assets/inventory/Ac_Ring01.png"
  },
  {
    "Name": "Ring of Strength +2",
    "Description": "A ring which boosts its wearer's Strength by 2.",
    "Type": 8,
    "Damage": 0,
    "Defense": 0,
    "Weight": 0,
    "Value": 4000,
    "CurrentDurability": 10,
    "MaximumDurability": 10,
    "Strength": 2,
    "Vitality": 0,
    "Dexterity": 0,
    "Wisdom": 0,
    "RestoreHealth": 0,
    "RestoreMagic": 0,
    "Cures": false,
    "MinimumLevel": 5,
    "CanSell": true,
    "IsSold": true,
    "AllowedClassesJson": "",
    "Texture": "res://assets/inventory/Ac_Ring02.png"
  },
  {
    "Name": "Ring of Vitality +1",
    "Description": "A ring which boosts its wearer's Vitality by 1.",
    "Type": 8,
    "Damage": 0,
    "Defense": 0,
    "Weight": 0,
    "Value": 2000,
    "CurrentDurability": 10,
    "MaximumDurability": 10,
    "Strength": 0,
    "Vitality": 1,
    "Dexterity": 0,
    "Wisdom": 0,
    "RestoreHealth": 0,
    "RestoreMagic": 0,
    "Cures": false,
    "MinimumLevel": 1,
    "CanSell": true,
    "IsSold": true,
    "AllowedClassesJson": "",
    "Texture": "res://assets/inventory/Ac_Ring01.png"
  },
  {
    "Name": "Ring of Vitality +2",
    "Description": "A ring which boosts its wearer's Vitality by 2.",
    "Type": 8,
    "Damage": 0,
    "Defense": 0,
    "Weight": 0,
    "Value": 4000,
    "CurrentDurability": 10,
    "MaximumDurability": 10,
    "Strength": 0,
    "Vitality": 2,
    "Dexterity": 0,
    "Wisdom": 0,
    "RestoreHealth": 0,
    "RestoreMagic": 0,
    "Cures": false,
    "MinimumLevel": 5,
    "CanSell": true,
    "IsSold": true,
    "AllowedClassesJson": "",
    "Texture": "res://assets/inventory/Ac_Ring02.png"
  },
  {
    "Name": "Ring of Wisdom +1",
    "Description": "A ring which boosts its wearer's Wisdom by 1.",
    "Type": 8,
    "Damage": 0,
    "Defense": 0,
    "Weight": 0,
    "Value": 2000,
    "CurrentDurability": 10,
    "MaximumDurability": 10,
    "Strength": 0,
    "Vitality": 0,
    "Dexterity": 0,
    "Wisdom": 1,
    "RestoreHealth": 0,
    "RestoreMagic": 0,
    "Cures": false,
    "MinimumLevel": 1,
    "CanSell": true,
    "IsSold": true,
    "AllowedClassesJson": "",
    "Texture": "res://assets/inventory/Ac_Ring01.png"
  },
  {
    "Name": "Ring of Wisdom +2",
    "Description": "A ring which boosts its wearer's Wisdom by 2.",
    "Type": 8,
    "Damage": 0,
    "Defense": 0,
    "Weight": 0,
    "Value": 4000,
    "CurrentDurability": 10,
    "MaximumDurability": 10,
    "Strength": 0,
    "Vitality": 0,
    "Dexterity": 0,
    "Wisdom": 2,
    "RestoreHealth": 0,
    "RestoreMagic": 0,
    "Cures": false,
    "MinimumLevel": 5,
    "CanSell": true,
    "IsSold": true,
    "AllowedClassesJson": "",
    "Texture": "res://assets/inventory/Ac_Ring02.png"
  }
]
