[
  {
    "Name": "Beak",
    "Description": "A chicken's beak.",
    "Type": 5,
    "Damage": 5,
    "Defense": 0,
    "Weight": 0,
    "Value": 0,
    "CurrentDurability": 20,
    "MaximumDurability": 20,
    "Strength": 0,
    "Vitality": 0,
    "Dexterity": 0,
    "Wisdom": 0,
    "RestoreHealth": 0,
    "RestoreMagic": 0,
    "Cures": false,
    "MinimumLevel": 1,
    "CanSell": false,
    "IsSold": false,
    "AllowedClassesJson": "",
    "Texture": "res://assets/inventory/I_BirdsBeak.png"
  },
  {
    "Name": "Berserker Axe",
    "Description": "An axe wielded by the most dangerous of foes.",
    "Type": 5,
    "Damage": 80,
    "Defense": 0,
    "Weight": 35,
    "Value": 4000,
    "CurrentDurability": 320,
    "MaximumDurability": 320,
    "Strength": 0,
    "Vitality": 0,
    "Dexterity": 0,
    "Wisdom": 0,
    "RestoreHealth": 0,
    "RestoreMagic": 0,
    "Cures": false,
    "MinimumLevel": 12,
    "CanSell": true,
    "IsSold": true,
    "AllowedClassesJson": "",
    "Texture": "res://assets/inventory/W_Axe012.png"
  },
  {
    "Name": "Bo Staff",
    "Description": "A long staff wielded with both hands, capable of striking foes near and far.",
    "Type": 5,
    "Damage": 48,
    "Defense": 0,
    "Weight": 12,
    "Value": 2400,
    "CurrentDurability": 192,
    "MaximumDurability": 192,
    "Strength": 0,
    "Vitality": 0,
    "Dexterity": 0,
    "Wisdom": 0,
    "RestoreHealth": 0,
    "RestoreMagic": 0,
    "Cures": false,
    "MinimumLevel": 7,
    "CanSell": true,
    "IsSold": true,
    "AllowedClassesJson": "",
    "Texture": "res://assets/inventory/W_Staff08.png"
  },
  {
    "Name": "Bow of Souls",
    "Description": "A bow enchanted by the gods themselves, this weapon was thought lost for centuries.",
    "Type": 6,
    "Damage": 150,
    "Defense": 0,
    "Weight": 30,
    "Value": 15000,
    "CurrentDurability": 600,
    "MaximumDurability": 600,
    "Strength": 0,
    "Vitality": 0,
    "Dexterity": 0,
    "Wisdom": 0,
    "RestoreHealth": 0,
    "RestoreMagic": 0,
    "Cures": false,
    "MinimumLevel": 23,
    "CanSell": true,
    "IsSold": false,
    "AllowedClassesJson": "Rogue",
    "Texture": "res://assets/inventory/W_Bow06.png"
  },
  {
    "Name": "Cleaver",
    "Description": "A sharp cleaver.",
    "Type": 5,
    "Damage": 26,
    "Defense": 0,
    "Weight": 8,
    "Value": 780,
    "CurrentDurability": 108,
    "MaximumDurability": 108,
    "Strength": 0,
    "Vitality": 0,
    "Dexterity": 0,
    "Wisdom": 0,
    "RestoreHealth": 0,
    "RestoreMagic": 0,
    "Cures": false,
    "MinimumLevel": 4,
    "CanSell": true,
    "IsSold": true,
    "AllowedClassesJson": "",
    "Texture": "res://assets/inventory/W_Axe001.png"
  },
  {
    "Name": "Club",
    "Description": "A blunt tool for beating an opponent's skull.",
    "Type": 5,
    "Damage": 12,
    "Defense": 0,
    "Weight": 10,
    "Value": 360,
    "CurrentDurability": 48,
    "MaximumDurability": 48,
    "Strength": 0,
    "Vitality": 0,
    "Dexterity": 0,
    "Wisdom": 0,
    "RestoreHealth": 0,
    "RestoreMagic": 0,
    "Cures": false,
    "MinimumLevel": 1,
    "CanSell": true,
    "IsSold": true,
    "AllowedClassesJson": "",
    "Texture": "res://assets/inventory/W_Mace001.png"
  },
  {
    "Name": "Composite Bow",
    "Description": "A bow with a special design, capable of shooting far and quickly.",
    "Type": 6,
    "Damage": 60,
    "Defense": 0,
    "Weight": 20,
    "Value": 3000,
    "CurrentDurability": 240,
    "MaximumDurability": 240,
    "Strength": 0,
    "Vitality": 0,
    "Dexterity": 0,
    "Wisdom": 0,
    "RestoreHealth": 0,
    "RestoreMagic": 0,
    "Cures": false,
    "MinimumLevel": 9,
    "CanSell": true,
    "IsSold": true,
    "AllowedClassesJson": "",
    "Texture": "res://assets/inventory/W_Bow03.png"
  },
  {
    "Name": "Dagger",
    "Description": "A short, sharp, iron weapon for close encounters.",
    "Type": 5,
    "Damage": 15,
    "Defense": 0,
    "Weight": 3,
    "Value": 450,
    "CurrentDurability": 60,
    "MaximumDurability": 60,
    "Strength": 0,
    "Vitality": 0,
    "Dexterity": 0,
    "Wisdom": 0,
    "RestoreHealth": 0,
    "RestoreMagic": 0,
    "Cures": false,
    "MinimumLevel": 1,
    "CanSell": true,
    "IsSold": true,
    "AllowedClassesJson": "",
    "Texture": "res://assets/inventory/W_Dagger002.png"
  },
  {
    "Name": "Fangs",
    "Description": "An animal's sharp fangs.",
    "Type": 5,
    "Damage": 10,
    "Defense": 0,
    "Weight": 0,
    "Value": 0,
    "CurrentDurability": 40,
    "MaximumDurability": 40,
    "Strength": 0,
    "Vitality": 0,
    "Dexterity": 0,
    "Wisdom": 0,
    "RestoreHealth": 0,
    "RestoreMagic": 0,
    "Cures": false,
    "MinimumLevel": 1,
    "CanSell": false,
    "IsSold": false,
    "AllowedClassesJson": "",
    "Texture": "res://assets/inventory/fangs.png"
  },
  {
    "Name": "Fists",
    "Description": "Your bare hands.",
    "Type": 5,
    "Damage": 5,
    "Defense": 0,
    "Weight": 0,
    "Value": 0,
    "CurrentDurability": 1000,
    "MaximumDurability": 1000,
    "Strength": 0,
    "Vitality": 0,
    "Dexterity": 0,
    "Wisdom": 0,
    "RestoreHealth": 0,
    "RestoreMagic": 0,
    "Cures": false,
    "MinimumLevel": 1,
    "CanSell": false,
    "IsSold": false,
    "AllowedClassesJson": "",
    "Texture": "res://assets/inventory/HANDS.png"
  },
  {
    "Name": "Great Sword",
    "Description": "A giant sword capable of inflicting massive damage.",
    "Type": 5,
    "Damage": 60,
    "Defense": 0,
    "Weight": 30,
    "Value": 3000,
    "CurrentDurability": 240,
    "MaximumDurability": 240,
    "Strength": 0,
    "Vitality": 0,
    "Dexterity": 0,
    "Wisdom": 0,
    "RestoreHealth": 0,
    "RestoreMagic": 0,
    "Cures": false,
    "MinimumLevel": 9,
    "CanSell": true,
    "IsSold": true,
    "AllowedClassesJson": "",
    "Texture": "res://assets/inventory/W_Sword005.png"
  },
  {
    "Name": "Heavy Axe",
    "Description": "A heavy axe, capable of chopping up strong foes.",
    "Type": 5,
    "Damage": 40,
    "Defense": 0,
    "Weight": 25,
    "Value": 2000,
    "CurrentDurability": 160,
    "MaximumDurability": 160,
    "Strength": 0,
    "Vitality": 0,
    "Dexterity": 0,
    "Wisdom": 0,
    "RestoreHealth": 0,
    "RestoreMagic": 0,
    "Cures": false,
    "MinimumLevel": 6,
    "CanSell": true,
    "IsSold": true,
    "AllowedClassesJson": "",
    "Texture": "res://assets/inventory/W_Axe013.png"
  },
  {
    "Name": "Heavy Bow",
    "Description": "A heavy bow, capable of shooting long distances.",
    "Type": 6,
    "Damage": 30,
    "Defense": 0,
    "Weight": 16,
    "Value": 1500,
    "CurrentDurability": 120,
    "MaximumDurability": 120,
    "Strength": 0,
    "Vitality": 0,
    "Dexterity": 0,
    "Wisdom": 0,
    "RestoreHealth": 0,
    "RestoreMagic": 0,
    "Cures": false,
    "MinimumLevel": 5,
    "CanSell": true,
    "IsSold": true,
    "AllowedClassesJson": "",
    "Texture": "res://assets/inventory/W_Bow12.png"
  },
  {
    "Name": "Light Axe",
    "Description": "A light axe, capable of quickly chopping up foes.",
    "Type": 5,
    "Damage": 20,
    "Defense": 0,
    "Weight": 15,
    "Value": 600,
    "CurrentDurability": 80,
    "MaximumDurability": 80,
    "Strength": 0,
    "Vitality": 0,
    "Dexterity": 0,
    "Wisdom": 0,
    "RestoreHealth": 0,
    "RestoreMagic": 0,
    "Cures": false,
    "MinimumLevel": 3,
    "CanSell": true,
    "IsSold": true,
    "AllowedClassesJson": "",
    "Texture": "res://assets/inventory/W_Axe002.png"
  },
  {
    "Name": "Light Bow",
    "Description": "A basic ranged weapon.",
    "Type": 6,
    "Damage": 12,
    "Defense": 0,
    "Weight": 8,
    "Value": 360,
    "CurrentDurability": 48,
    "MaximumDurability": 48,
    "Strength": 0,
    "Vitality": 0,
    "Dexterity": 0,
    "Wisdom": 0,
    "RestoreHealth": 0,
    "RestoreMagic": 0,
    "Cures": false,
    "MinimumLevel": 2,
    "CanSell": true,
    "IsSold": true,
    "AllowedClassesJson": "",
    "Texture": "res://assets/inventory/W_Bow02.png"
  },
  {
    "Name": "Light Staff",
    "Description": "A light staff.",
    "Type": 5,
    "Damage": 12,
    "Defense": 0,
    "Weight": 8,
    "Value": 360,
    "CurrentDurability": 48,
    "MaximumDurability": 48,
    "Strength": 0,
    "Vitality": 0,
    "Dexterity": 0,
    "Wisdom": 0,
    "RestoreHealth": 0,
    "RestoreMagic": 0,
    "Cures": false,
    "MinimumLevel": 2,
    "CanSell": true,
    "IsSold": true,
    "AllowedClassesJson": "",
    "Texture": "res://assets/inventory/W_Staff03.png"
  },
  {
    "Name": "Long Sword",
    "Description": "A long, sharp sword.",
    "Type": 5,
    "Damage": 40,
    "Defense": 0,
    "Weight": 20,
    "Value": 2000,
    "CurrentDurability": 160,
    "MaximumDurability": 160,
    "Strength": 0,
    "Vitality": 0,
    "Dexterity": 0,
    "Wisdom": 0,
    "RestoreHealth": 0,
    "RestoreMagic": 0,
    "Cures": false,
    "MinimumLevel": 6,
    "CanSell": true,
    "IsSold": true,
    "AllowedClassesJson": "",
    "Texture": "res://assets/inventory/W_Sword002.png"
  },
  {
    "Name": "Mace",
    "Description": "A club with a spiked metal ball at the tip.",
    "Type": 5,
    "Damage": 25,
    "Defense": 0,
    "Weight": 20,
    "Value": 750,
    "CurrentDurability": 100,
    "MaximumDurability": 100,
    "Strength": 0,
    "Vitality": 0,
    "Dexterity": 0,
    "Wisdom": 0,
    "RestoreHealth": 0,
    "RestoreMagic": 0,
    "Cures": false,
    "MinimumLevel": 4,
    "CanSell": true,
    "IsSold": true,
    "AllowedClassesJson": "",
    "Texture": "res://assets/inventory/W_Mace002.png"
  },
  {
    "Name": "Minotaur Horns",
    "Description": "A minotaur's horns.",
    "Type": 5,
    "Damage": 40,
    "Defense": 0,
    "Weight": 0,
    "Value": 0,
    "CurrentDurability": 160,
    "MaximumDurability": 160,
    "Strength": 0,
    "Vitality": 0,
    "Dexterity": 0,
    "Wisdom": 0,
    "RestoreHealth": 0,
    "RestoreMagic": 0,
    "Cures": false,
    "MinimumLevel": 6,
    "CanSell": false,
    "IsSold": false,
    "AllowedClassesJson": "",
    "Texture": "res://assets/inventory/W_Spear003.png"
  },
  {
    "Name": "Necromancer Staff",
    "Description": "A staff wielded by Necromancers.",
    "Type": 5,
    "Damage": 60,
    "Defense": 0,
    "Weight": 10,
    "Value": 0,
    "CurrentDurability": 180,
    "MaximumDurability": 180,
    "Strength": 0,
    "Vitality": 0,
    "Dexterity": 0,
    "Wisdom": 0,
    "RestoreHealth": 0,
    "RestoreMagic": 0,
    "Cures": false,
    "MinimumLevel": 9,
    "CanSell": false,
    "IsSold": false,
    "AllowedClassesJson": "",
    "Texture": "res://assets/inventory/W_Staff06.png"
  },
  {
    "Name": "Pickaxe",
    "Description": "A tool used for mining.",
    "Type": 5,
    "Damage": 40,
    "Defense": 0,
    "Weight": 25,
    "Value": 2000,
    "CurrentDurability": 160,
    "MaximumDurability": 160,
    "Strength": 0,
    "Vitality": 0,
    "Dexterity": 0,
    "Wisdom": 0,
    "RestoreHealth": 0,
    "RestoreMagic": 0,
    "Cures": false,
    "MinimumLevel": 6,
    "CanSell": true,
    "IsSold": true,
    "AllowedClassesJson": "",
    "Texture": "res://assets/inventory/W_Axe007.png"
  },
  {
    "Name": "Pike",
    "Description": "A lengthy spear with a barbed tip.",
    "Type": 5,
    "Damage": 60,
    "Defense": 0,
    "Weight": 20,
    "Value": 3000,
    "CurrentDurability": 240,
    "MaximumDurability": 240,
    "Strength": 0,
    "Vitality": 0,
    "Dexterity": 0,
    "Wisdom": 0,
    "RestoreHealth": 0,
    "RestoreMagic": 0,
    "Cures": false,
    "MinimumLevel": 9,
    "CanSell": true,
    "IsSold": true,
    "AllowedClassesJson": "",
    "Texture": "res://assets/inventory/W_Spear009.png"
  },
  {
    "Name": "Sharp Fangs",
    "Description": "Sharp animal fangs.",
    "Type": 5,
    "Damage": 15,
    "Defense": 0,
    "Weight": 0,
    "Value": 0,
    "CurrentDurability": 60,
    "MaximumDurability": 60,
    "Strength": 0,
    "Vitality": 0,
    "Dexterity": 0,
    "Wisdom": 0,
    "RestoreHealth": 0,
    "RestoreMagic": 0,
    "Cures": false,
    "MinimumLevel": 2,
    "CanSell": false,
    "IsSold": false,
    "AllowedClassesJson": "",
    "Texture": "res://assets/inventory/fangs.png"
  },
  {
    "Name": "Short Sword",
    "Description": "A short, sharp sword.",
    "Type": 5,
    "Damage": 30,
    "Defense": 0,
    "Weight": 12,
    "Value": 1500,
    "CurrentDurability": 120,
    "MaximumDurability": 120,
    "Strength": 0,
    "Vitality": 0,
    "Dexterity": 0,
    "Wisdom": 0,
    "RestoreHealth": 0,
    "RestoreMagic": 0,
    "Cures": false,
    "MinimumLevel": 5,
    "CanSell": true,
    "IsSold": true,
    "AllowedClassesJson": "",
    "Texture": "res://assets/inventory/W_Sword001.png"
  },
  {
    "Name": "Spear",
    "Description": "A long spear capable of stabbing a foe while staying out of reach of their melee attacks.",
    "Type": 5,
    "Damage": 40,
    "Defense": 0,
    "Weight": 15,
    "Value": 2000,
    "CurrentDurability": 160,
    "MaximumDurability": 160,
    "Strength": 0,
    "Vitality": 0,
    "Dexterity": 0,
    "Wisdom": 0,
    "RestoreHealth": 0,
    "RestoreMagic": 0,
    "Cures": false,
    "MinimumLevel": 6,
    "CanSell": true,
    "IsSold": true,
    "AllowedClassesJson": "",
    "Texture": "res://assets/inventory/W_Spear002.png"
  },
  {
    "Name": "Spider Fangs",
    "Description": "The sharp fangs of a giant spider.",
    "Type": 5,
    "Damage": 25,
    "Defense": 0,
    "Weight": 0,
    "Value": 0,
    "CurrentDurability": 100,
    "MaximumDurability": 100,
    "Strength": 0,
    "Vitality": 0,
    "Dexterity": 0,
    "Wisdom": 0,
    "RestoreHealth": 0,
    "RestoreMagic": 0,
    "Cures": false,
    "MinimumLevel": 4,
    "CanSell": false,
    "IsSold": false,
    "AllowedClassesJson": "",
    "Texture": "res://assets/inventory/fangs.png"
  },
  {
    "Name": "Starter Bow",
    "Description": "An old, withered bow.",
    "Type": 6,
    "Damage": 8,
    "Defense": 0,
    "Weight": 6,
    "Value": 0,
    "CurrentDurability": 32,
    "MaximumDurability": 32,
    "Strength": 0,
    "Vitality": 0,
    "Dexterity": 0,
    "Wisdom": 0,
    "RestoreHealth": 0,
    "RestoreMagic": 0,
    "Cures": false,
    "MinimumLevel": 1,
    "CanSell": false,
    "IsSold": false,
    "AllowedClassesJson": "",
    "Texture": "res://assets/inventory/W_Bow01.png"
  },
  {
    "Name": "Starter Staff",
    "Description": "An old, gnarled piece of wood fashioned as a magical weapon.",
    "Type": 5,
    "Damage": 8,
    "Defense": 0,
    "Weight": 6,
    "Value": 0,
    "CurrentDurability": 32,
    "MaximumDurability": 32,
    "Strength": 0,
    "Vitality": 0,
    "Dexterity": 0,
    "Wisdom": 0,
    "RestoreHealth": 0,
    "RestoreMagic": 0,
    "Cures": false,
    "MinimumLevel": 1,
    "CanSell": false,
    "IsSold": false,
    "AllowedClassesJson": "",
    "Texture": "res://assets/inventory/W_Staff01.png"
  },
  {
    "Name": "Steel Dagger",
    "Description": "A sharp, short, steel dagger.",
    "Type": 5,
    "Damage": 24,
    "Defense": 0,
    "Weight": 5,
    "Value": 720,
    "CurrentDurability": 96,
    "MaximumDurability": 96,
    "Strength": 0,
    "Vitality": 0,
    "Dexterity": 0,
    "Wisdom": 0,
    "RestoreHealth": 0,
    "RestoreMagic": 0,
    "Cures": false,
    "MinimumLevel": 3,
    "CanSell": true,
    "IsSold": true,
    "AllowedClassesJson": "",
    "Texture": "res://assets/inventory/W_Dagger004.png"
  },
  {
    "Name": "Stone Dagger",
    "Description": "A crumbling dagger made of stone.",
    "Type": 5,
    "Damage": 10,
    "Defense": 0,
    "Weight": 6,
    "Value": 0,
    "CurrentDurability": 40,
    "MaximumDurability": 40,
    "Strength": 0,
    "Vitality": 0,
    "Dexterity": 0,
    "Wisdom": 0,
    "RestoreHealth": 0,
    "RestoreMagic": 0,
    "Cures": false,
    "MinimumLevel": 1,
    "CanSell": false,
    "IsSold": false,
    "AllowedClassesJson": "",
    "Texture": "res://assets/inventory/W_Dagger001.png"
  },
  {
    "Name": "Super Sword",
    "Description": "A sword of untold power, capable of slicing most foes in two in a single blow.",
    "Type": 5,
    "Damage": 100,
    "Defense": 0,
    "Weight": 30,
    "Value": 10000,
    "CurrentDurability": 400,
    "MaximumDurability": 400,
    "Strength": 0,
    "Vitality": 0,
    "Dexterity": 0,
    "Wisdom": 0,
    "RestoreHealth": 0,
    "RestoreMagic": 0,
    "Cures": false,
    "MinimumLevel": 15,
    "CanSell": true,
    "IsSold": true,
    "AllowedClassesJson": "",
    "Texture": "res://assets/inventory/W_Sword006.png"
  },
  {
    "Name": "Sword of Souls",
    "Description": "A sword enchanted by the gods themselves, this weapon was thought lost for centuries.",
    "Type": 5,
    "Damage": 150,
    "Defense": 0,
    "Weight": 30,
    "Value": 15000,
    "CurrentDurability": 600,
    "MaximumDurability": 600,
    "Strength": 0,
    "Vitality": 0,
    "Dexterity": 0,
    "Wisdom": 0,
    "RestoreHealth": 0,
    "RestoreMagic": 0,
    "Cures": false,
    "MinimumLevel": 23,
    "CanSell": true,
    "IsSold": false,
    "AllowedClassesJson": "",
    "Texture": "res://assets/inventory/W_Sword016.png"
  },
  {
    "Name": "Teeth",
    "Description": "An animal's teeth.",
    "Type": 5,
    "Damage": 3,
    "Defense": 0,
    "Weight": 0,
    "Value": 0,
    "CurrentDurability": 12,
    "MaximumDurability": 12,
    "Strength": 0,
    "Vitality": 0,
    "Dexterity": 0,
    "Wisdom": 0,
    "RestoreHealth": 0,
    "RestoreMagic": 0,
    "Cures": false,
    "MinimumLevel": 1,
    "CanSell": false,
    "IsSold": false,
    "AllowedClassesJson": "",
    "Texture": "res://assets/inventory/fangs.png"
  },
  {
    "Name": "Tusks",
    "Description": "An animal's tusks.",
    "Type": 5,
    "Damage": 10,
    "Defense": 0,
    "Weight": 0,
    "Value": 0,
    "CurrentDurability": 40,
    "MaximumDurability": 40,
    "Strength": 0,
    "Vitality": 0,
    "Dexterity": 0,
    "Wisdom": 0,
    "RestoreHealth": 0,
    "RestoreMagic": 0,
    "Cures": false,
    "MinimumLevel": 1,
    "CanSell": false,
    "IsSold": false,
    "AllowedClassesJson": "",
    "Texture": "res://assets/inventory/fangs.png"
  }
]
